identifier;color
028790ac-8298-4a69-9d36-a0317269c2f7;yellow
03307136-8b65-4bb9-aed6-79d79a75e363;yellow
039b1cea-37d2-4312-a90c-78ae4ab2b0e4;yellow
043265c1-1968-48d4-b1dd-022db44362e7;yellow
043265c1-1968-48d4-b1dd-022db44362e7;yellow
043265c1-1968-48d4-b1dd-022db44362e7;yellow
043265c1-1968-48d4-b1dd-022db44362e7;yellow
043265c1-1968-48d4-b1dd-022db44362e7;yellow
043265c1-1968-48d4-b1dd-022db44362e7;yellow
043265c1-1968-48d4-b1dd-022db44362e7;yellow
043265c1-1968-48d4-b1dd-022db44362e7;yellow
043265c1-1968-48d4-b1dd-022db44362e7;yellow
043265c1-1968-48d4-b1dd-022db44362e7;yellow
043265c1-1968-48d4-b1dd-022db44362e7;yellow
043265c1-1968-48d4-b1dd-022db44362e7;yellow
043265c1-1968-48d4-b1dd-022db44362e7;yellow
043265c1-1968-48d4-b1dd-022db44362e7;yellow
043265c1-1968-48d4-b1dd-022db44362e7;yellow
043265c1-1968-48d4-b1dd-022db44362e7;yellow
06bab536-4487-4ff8-85fc-b237ceee159a;yellow
075f4b2d-4a06-4182-a6c9-56a1b01079b0;yellow
100be5a8-6bd6-4e88-8ffd-bb58c05b3256;yellow
1614b7b7-7f4d-4ef1-a250-0a4a5a2a905a;yellow
1b151217-b7eb-4804-9235-38b1043331fe;yellow
1c03fff8-a6d4-476e-93ae-684723114f5f;yellow
213e8273-6d19-4bb3-b7b9-7b30c2e31522;yellow
228dea4f-83e8-43a4-b154-a59dc7e60120;yellow
292dc876-1931-4675-899e-8daa3159f40b;yellow
298f4d09-0be5-4307-8a6d-e0eabf1b5145;yellow
3b7b5fd1-e364-432b-9d41-b8600d29e2ca;yellow
3da56374-afa8-4e51-858f-68b37a0399c6;yellow
3e2cef69-a35c-46ec-9725-3595904ffc53;yellow
4761ae6b-daed-4460-99bc-01937956017a;yellow
48867430-ea9d-40fd-aa67-4d9228c44ebc;yellow
4bf78a8a-5ee9-446f-9741-4d71370bb438;yellow
4bf78a8a-5ee9-446f-9741-4d71370bb438;yellow
4bf78a8a-5ee9-446f-9741-4d71370bb438;yellow
4bf78a8a-5ee9-446f-9741-4d71370bb438;yellow
4bf78a8a-5ee9-446f-9741-4d71370bb438;yellow
4bf78a8a-5ee9-446f-9741-4d71370bb438;yellow
4bf78a8a-5ee9-446f-9741-4d71370bb438;yellow
4bf78a8a-5ee9-446f-9741-4d71370bb438;yellow
4bf78a8a-5ee9-446f-9741-4d71370bb438;yellow
4f677b1d-32be-46ec-8282-290b2b9f75a6;yellow
50f5e009-0e45-48d6-8952-a74b7f943375;yellow
52698d13-a2c0-42b6-ab9b-3966c7e7d4f8;yellow
57ea2277-4974-4cee-8f38-7fa0485ea2ed;yellow
594e3a3e-34d7-4ad5-9fdb-84693f49ac9b;yellow
5e466db9-70ba-45c2-8e13-8bd85d6dfa22;yellow
616dea03-23a3-4324-b4b9-ed3dd649ea0e;yellow
666650e5-e18b-4940-a175-5ee62399e00d;yellow
67362739-d1e4-4bfb-92de-e7c587d978bd;yellow
6a66009e-cfb9-4614-abdd-ca0906970826;yellow
734ef678-1572-4495-9596-c2e9423ec1dd;yellow
78901808-59d1-4ec2-9387-f3f0eef88d86;yellow
7a6b91b5-6c10-4d7a-a2cb-600c153c4883;yellow
7a6b91b5-6c10-4d7a-a2cb-600c153c4883;yellow
7a6b91b5-6c10-4d7a-a2cb-600c153c4883;yellow
7a6b91b5-6c10-4d7a-a2cb-600c153c4883;yellow
83e7946d-11a0-40c2-8bc7-b4c9295b07fa;yellow
87c93d75-6c27-435c-bdf0-8945067895c4;yellow
887e103f-4707-494c-8bbe-a5548ab35e07;yellow
8f85464f-1284-40cb-98cf-f31d082f2397;yellow
92051886-2e1e-4b91-9ee1-ad16c9256717;yellow
92051886-2e1e-4b91-9ee1-ad16c9256717;yellow
92051886-2e1e-4b91-9ee1-ad16c9256717;yellow
92051886-2e1e-4b91-9ee1-ad16c9256717;yellow
968d0d91-2e65-4513-a430-d7deee6e71c7;yellow
968d0d91-2e65-4513-a430-d7deee6e71c7;yellow
968d0d91-2e65-4513-a430-d7deee6e71c7;yellow
968d0d91-2e65-4513-a430-d7deee6e71c7;yellow
97e4a991-ab83-426f-b1b4-78e980e2ec4d;yellow
9aad7100-6f3f-4d4d-9df8-36d55d850643;yellow
a0cb286a-9206-40b5-be77-f7075924ce75;yellow
aaf5cc3b-8445-415d-87dd-6474034a5d58;yellow
acf5072a-ad70-4b76-9a34-06912efb0e72;yellow
ae20bded-f5fd-414f-9be3-ee6749b5bc39;yellow
b25b5013-89ec-4cd1-a4c2-14bb038d9ef3;yellow
ba63af90-5ae2-42d7-9fee-fbcc9319e59e;yellow
bb72c83e-b5a8-44d4-8e1b-e17743ff7246;yellow
bf0f8193-99bb-4f26-9a89-5c8c6bc07ef9;yellow
c185c77c-06f7-436d-a83f-6b77e7719fcf;yellow
c1bea57a-c4ae-479e-af8b-d046f5210c60;yellow
c2f6d619-a2ac-4e5b-8069-1134c15f82f2;yellow
c36f08d0-53d5-4731-931d-984aa2330117;yellow
c9035e5b-d882-42b5-8046-e10d5549990c;yellow
c9bcc38f-dab8-419b-aa5b-2cbd743b34f6;yellow
cde3afcf-fad4-446b-b7ac-6c62b30945f3;yellow
cfbcaec4-814a-4f6d-a01e-05796308a34e;yellow
d40be82c-151d-4ba8-a8ed-cb604d07c333;yellow
d81d34ca-fced-400c-a199-5d55a8526daa;yellow
da9cf6d6-a8d7-4807-ab79-e486ae793938;yellow
da9cf6d6-a8d7-4807-ab79-e486ae793938;yellow
da9cf6d6-a8d7-4807-ab79-e486ae793938;yellow
da9cf6d6-a8d7-4807-ab79-e486ae793938;yellow
e08cc600-7cd2-4654-9190-d1307163d5c2;yellow
e09e5865-fb15-4cb1-87ed-cfdfe0fc7d65;yellow
e4175ed9-a675-4564-aa5a-51a9e7307de8;yellow
e5f12e2c-d983-42a0-8bfb-a2734a85d81e;yellow
e5f12e2c-d983-42a0-8bfb-a2734a85d81e;yellow
e5f12e2c-d983-42a0-8bfb-a2734a85d81e;yellow
e5f12e2c-d983-42a0-8bfb-a2734a85d81e;yellow
e5f12e2c-d983-42a0-8bfb-a2734a85d81e;yellow
e5f12e2c-d983-42a0-8bfb-a2734a85d81e;yellow
e5f12e2c-d983-42a0-8bfb-a2734a85d81e;yellow
e5f12e2c-d983-42a0-8bfb-a2734a85d81e;yellow
e5f12e2c-d983-42a0-8bfb-a2734a85d81e;yellow
e950fe6c-d0a8-4053-87a7-8f9022987460;yellow
e9ac2d6e-c188-446d-8caf-b35758fb1595;yellow
ee7770dd-301c-42b3-8ae5-818c59c363f3;yellow
ef6e9ca0-7513-453e-b336-22aec9608c2e;yellow
f2a4bae0-fc35-47ba-88fe-b6805bb14b97;yellow
f41abf77-0cb1-4b9e-a4ad-a86003322b70;yellow
f4fe0507-9903-43f0-943b-ff03261e9d3d;yellow
f5a04c87-d24d-4ba9-8903-339e968b5c5d;yellow
f5bb6a5b-8015-44e6-8de0-e620fdaebbb1;yellow
f5d7a391-43a8-4024-b730-8495369c2050;yellow
fab10e7d-7d78-4288-9b9b-63b4407915aa;yellow
fab10e7d-7d78-4288-9b9b-63b4407915aa;yellow
fab10e7d-7d78-4288-9b9b-63b4407915aa;yellow
fab10e7d-7d78-4288-9b9b-63b4407915aa;yellow
fb42db8a-c02b-4a19-8a79-8b339647caeb;yellow
fc9ff385-f9c1-4f2a-b419-ce01c560be2c;yellow
fd178ea3-0193-4b04-9fd5-472f771840a4;yellow
feb604d3-95b8-4ddc-a0ab-b25cd84affe7;yellow
019ac6c9-a8b6-716d-8360-2bbdf020b5d0;grey
0a81e2de-a4e0-4e37-aab2-3f285e121bec;green
b9e2015d-6194-41f0-ab77-ea38be726a2d;green
30150913-33b8-49be-80d3-5a4df618ac80;orange